target,feature,pearson,spearman,abs_pearson,abs_spearman,n_valid,selected_by_threshold,screen_score,threshold_pass_count,rank
CHWTON,Month_cos,-0.8309993778829174,-0.8432494691387161,0.8309993778829174,0.8432494691387161,21006,True,0.7343363006452992,3,1
HTmmBTU,Month_cos,0.6142903610867653,0.6778156354237362,0.6142903610867653,0.6778156354237362,20999,True,0.7343363006452992,3,1
KW,Month_cos,-0.6624563599962582,-0.7772066003434025,0.6624563599962582,0.7772066003434025,20892,True,0.7343363006452992,3,1
CHWTON,DayOfYear_cos,-0.7731688654203805,-0.794139512606312,0.7731688654203805,0.794139512606312,21006,True,0.6791337366809039,3,4
HTmmBTU,DayOfYear_cos,0.5730030763799001,0.6260309189656798,0.5730030763799001,0.6260309189656798,20999,True,0.6791337366809039,3,4
KW,DayOfYear_cos,-0.6076905822293345,-0.7007694644838166,0.6076905822293345,0.7007694644838166,20892,True,0.6791337366809039,3,4
CHWTON,Temperature,0.7024978639638807,0.7310773889402791,0.7024978639638807,0.7310773889402791,21006,True,0.642505495835057,3,7
HTmmBTU,Temperature,-0.579940493877934,-0.6305524851446659,0.579940493877934,0.6305524851446659,20999,True,0.642505495835057,3,7
KW,Temperature,0.5549264529237905,0.6560382901597915,0.5549264529237905,0.6560382901597915,20892,True,0.642505495835057,3,7
CHWTON,Temperature_sq,0.6863006688931798,0.7310764965462477,0.6863006688931798,0.7310764965462477,21006,True,0.630902597583642,3,10
HTmmBTU,Temperature_sq,-0.5376224769624091,-0.6305503853580758,0.5376224769624091,0.6305503853580758,20999,True,0.630902597583642,3,10
KW,Temperature_sq,0.5438284609404802,0.6560370968014597,0.5438284609404802,0.6560370968014597,20892,True,0.630902597583642,3,10
CHWTON,CDD18,0.6884120955332335,0.7233054097964206,0.6884120955332335,0.7233054097964206,21006,True,0.6250598842713916,3,13
HTmmBTU,CDD18,-0.5172450857807884,-0.6174369034069981,0.5172450857807884,0.6174369034069981,20999,True,0.6250598842713916,3,13
KW,CDD18,0.5482586132602235,0.6557011978506854,0.5482586132602235,0.6557011978506854,20892,True,0.6250598842713916,3,13
CHWTON,Precipitable Water,0.7787610459367149,0.6753026603011858,0.7787610459367149,0.6753026603011858,21006,True,0.6144131801876065,3,16
HTmmBTU,Precipitable Water,-0.45327023724436094,-0.5329067669235953,0.45327023724436094,0.5329067669235953,20999,True,0.6144131801876065,3,16
KW,Precipitable Water,0.6274122110493293,0.6188261596704528,0.6274122110493293,0.6188261596704528,20892,True,0.6144131801876065,3,16
CHWTON,Dew Point,0.6913078282488268,0.5961335075047033,0.6913078282488268,0.5961335075047033,21006,True,0.5386139690917531,3,19
HTmmBTU,Dew Point,-0.42886125223468774,-0.4753893064594164,0.42886125223468774,0.4753893064594164,20999,True,0.5386139690917531,3,19
KW,Dew Point,0.5308451397509305,0.5091467803519539,0.5308451397509305,0.5091467803519539,20892,True,0.5386139690917531,3,19
CHWTON,HDD18,-0.507861618325338,-0.6228429324739131,0.507861618325338,0.6228429324739131,21006,True,0.5243944151958948,3,22
HTmmBTU,HDD18,0.5133258135425022,0.5583393865364679,0.5133258135425022,0.5583393865364679,20999,True,0.5243944151958948,3,22
KW,HDD18,-0.3929703984347585,-0.551026341862389,0.3929703984347585,0.551026341862389,20892,True,0.5243944151958948,3,22
CHWTON,DayOfYear_sin,-0.37801339173655074,-0.3051868159880049,0.37801339173655074,0.3051868159880049,21006,True,0.34629316075885286,3,25
HTmmBTU,DayOfYear_sin,0.29099281659214016,0.33465195369602274,0.29099281659214016,0.33465195369602274,20999,True,0.34629316075885286,3,25
KW,DayOfYear_sin,-0.36532968283002876,-0.40358430371037,0.36532968283002876,0.40358430371037,20892,True,0.34629316075885286,3,25
CHWTON,Surface Albedo,0.35642302977381407,0.41513708930329946,0.35642302977381407,0.41513708930329946,21006,True,0.33202565541313334,3,28
HTmmBTU,Surface Albedo,-0.2978631874665206,-0.35347897129012545,0.2978631874665206,0.35347897129012545,20999,True,0.33202565541313334,3,28
KW,Surface Albedo,0.24072660618185543,0.32852504846318487,0.24072660618185543,0.32852504846318487,20892,True,0.33202565541313334,3,28
CHWTON,Pressure,-0.31632551497389816,-0.3544922259322468,0.31632551497389816,0.3544922259322468,21006,True,0.32093378250745397,3,31
HTmmBTU,Pressure,0.31226895722767883,0.3285868994698867,0.31226895722767883,0.3285868994698867,20999,True,0.32093378250745397,3,31
KW,Pressure,-0.2842105573547662,-0.32971854008624696,0.2842105573547662,0.32971854008624696,20892,True,0.32093378250745397,3,31
CHWTON,GHG,0.01629987219901709,0.5134608501507902,0.01629987219901709,0.5134608501507902,21006,True,0.28834364187271616,3,34
HTmmBTU,GHG,-0.006411545044069323,-0.47784765152176045,0.006411545044069323,0.47784765152176045,20999,True,0.28834364187271616,3,34
KW,GHG,0.009078074965185355,0.7069638573554745,0.009078074965185355,0.7069638573554745,20892,True,0.28834364187271616,3,34
CHWTON,Solar Zenith Angle,-0.2899587792354104,-0.3136026327375825,0.2899587792354104,0.3136026327375825,21006,True,0.2346900069340819,2,37
HTmmBTU,Solar Zenith Angle,0.259115294786339,0.2366339265093858,0.259115294786339,0.2366339265093858,20999,True,0.2346900069340819,2,37
KW,Solar Zenith Angle,-0.14212064830153162,-0.166708760034242,0.14212064830153162,0.166708760034242,20892,False,0.2346900069340819,2,37
CHWTON,WindDirection_cos,-0.23950842878417464,-0.25017632183058885,0.23950842878417464,0.25017632183058885,21006,True,0.18676817990824623,1,40
HTmmBTU,WindDirection_cos,0.16281551164440866,0.1592191029941789,0.16281551164440866,0.1592191029941789,20999,False,0.18676817990824623,1,40
KW,WindDirection_cos,-0.14930949852477346,-0.1595802156713528,0.14930949852477346,0.1595802156713528,20892,False,0.18676817990824623,1,40
CHWTON,Month_sin,-0.18555468181396792,-0.028120200716551972,0.18555468181396792,0.028120200716551972,21006,False,0.13719568704737764,1,43
HTmmBTU,Month_sin,0.1470301231609205,0.09503882014232479,0.1470301231609205,0.09503882014232479,20999,False,0.13719568704737764,1,43
KW,Month_sin,-0.20645160870132984,-0.16097868774917082,0.20645160870132984,0.16097868774917082,20892,True,0.13719568704737764,1,43
CHWTON,Hour_cos,-0.23683893280233767,-0.23864292873543028,0.23683893280233767,0.23864292873543028,21006,True,0.13382743600096036,1,46
HTmmBTU,Hour_cos,0.040538498878281454,0.05601955576922359,0.040538498878281454,0.05601955576922359,20999,False,0.13382743600096036,1,46
KW,Hour_cos,-0.10815673417254616,-0.12276796564794311,0.10815673417254616,0.12276796564794311,20892,False,0.13382743600096036,1,46
CHWTON,Hour_sin,-0.19584205597236323,-0.20792868334696565,0.19584205597236323,0.20792868334696565,21006,True,0.12194540381154008,1,49
HTmmBTU,Hour_sin,0.13786412098470932,0.11467958776992977,0.13786412098470932,0.11467958776992977,20999,False,0.12194540381154008,1,49
KW,Hour_sin,-0.0338646342356093,-0.04149334055966319,0.0338646342356093,0.04149334055966319,20892,False,0.12194540381154008,1,49
CHWTON,Relative Humidity,-0.019235888558665325,-0.08221300689731283,0.019235888558665325,0.08221300689731283,21006,False,0.08501598046882443,0,52
HTmmBTU,Relative Humidity,0.1517234307163356,0.1304040705207063,0.1517234307163356,0.1304040705207063,20999,False,0.08501598046882443,0,52
KW,Relative Humidity,-0.03783605178634011,-0.08868343433358646,0.03783605178634011,0.08868343433358646,20892,False,0.08501598046882443,0,52
CHWTON,Wind Direction,0.0444366398541959,0.04048601231386115,0.0444366398541959,0.04048601231386115,21006,False,0.06392513048893028,0,55
HTmmBTU,Wind Direction,-0.09481025209403372,-0.08111532302821642,0.09481025209403372,0.08111532302821642,20999,False,0.06392513048893028,0,55
KW,Wind Direction,0.06243095294624625,0.06027160269702828,0.06243095294624625,0.06027160269702828,20892,False,0.06392513048893028,0,55
CHWTON,DOW_cos,-0.024627409776713027,-0.01088662356735917,0.024627409776713027,0.01088662356735917,21006,False,0.04737530098087575,0,58
HTmmBTU,DOW_cos,-0.030968698940419523,-0.02892511203764498,0.030968698940419523,0.02892511203764498,20999,False,0.04737530098087575,0,58
KW,DOW_cos,-0.09422189386513515,-0.0946220676979827,0.09422189386513515,0.0946220676979827,20892,False,0.04737530098087575,0,58
CHWTON,WindDirection_sin,-0.003170074553195964,-0.008032795985613938,0.003170074553195964,0.008032795985613938,21006,False,0.04020677902111322,0,61
HTmmBTU,WindDirection_sin,0.08334823507754244,0.07282358394193378,0.08334823507754244,0.07282358394193378,20999,False,0.04020677902111322,0,61
KW,WindDirection_sin,-0.0386912965776745,-0.035174687990718705,0.0386912965776745,0.035174687990718705,20892,False,0.04020677902111322,0,61
CHWTON,DOW,0.0014633940007459387,-0.003536777290325153,0.0014633940007459387,0.003536777290325153,21006,False,0.022082129615960427,0,64
HTmmBTU,DOW,0.00885609830011417,0.010042871114924754,0.00885609830011417,0.010042871114924754,20999,False,0.022082129615960427,0,64
KW,DOW,0.05658621392287397,0.05200742306677857,0.05658621392287397,0.05200742306677857,20892,False,0.022082129615960427,0,64
CHWTON,Wind Speed,0.001258000417378554,0.0587696826686712,0.001258000417378554,0.0587696826686712,21006,False,0.02159320649860173,0,67
HTmmBTU,Wind Speed,-0.013890339899691038,-0.018138586374697344,0.013890339899691038,0.018138586374697344,20999,False,0.02159320649860173,0,67
KW,Wind Speed,-0.02143104781627926,-0.016071581814892974,0.02143104781627926,0.016071581814892974,20892,False,0.02159320649860173,0,67
CHWTON,DOW_sin,0.011345693098464503,0.01147062211448449,0.011345693098464503,0.01147062211448449,21006,False,0.007939926410300911,0,70
HTmmBTU,DOW_sin,0.0008246278584452207,-0.003934579049193975,0.0008246278584452207,0.003934579049193975,20999,False,0.007939926410300911,0,70
KW,DOW_sin,-0.008545473203712028,0.011518563137505251,0.008545473203712028,0.011518563137505251,20892,False,0.007939926410300911,0,70
