feature,q1,q3,iqr,lower,upper,replacement,physical_lower,physical_upper,fit_valid_count,fit_hard_invalid_count
KW,13865.8,20397.6,6531.799999999999,4068.1000000000004,30195.299999999996,16499.25,0.0,,20893,26
CHWTON,12621.52824,32862.232525,20240.704285,-17739.5281875,63223.2889525,20332.146285000003,0.0,,21008,0
HTmmBTU,1306.78,2329.35,1022.5699999999999,-227.07500000000005,3863.205,1655.45,0.0,,21000,0
DOW,2.0,6.0,4.0,-4.0,12.0,4.0,,,21024,0
Temperature,13.8,30.0,16.2,-10.499999999999996,54.3,21.7,-273.15,,21008,0
Dew Point,-3.5,9.3,12.8,-22.700000000000003,28.500000000000004,1.2,-273.15,,21008,0
Relative Humidity,18.3875,46.2225,27.834999999999997,-23.365,87.975,31.555,0.0,100.0,21008,0
Solar Zenith Angle,57.8275,122.37,64.5425,-38.98625,219.18375,89.41,0.0,180.0,21008,0
Surface Albedo,0.17,0.18,0.009999999999999981,0.15500000000000003,0.19499999999999995,0.17,0.0,1.0,21008,0
Pressure,964.0,969.0,5.0,956.5,976.5,966.0,0.0,,21008,0
Precipitable Water,0.8,2.3,1.4999999999999998,-1.4499999999999995,4.549999999999999,1.2,0.0,,21008,0
Wind Direction,98.0,248.0,150.0,-127.0,473.0,198.0,0.0,360.0,21008,0
Wind Speed,1.1,2.6,1.5,-1.15,4.85,1.6,0.0,,21008,0
GHG,6.196,9.85875,3.662750000000001,0.7018749999999985,15.352875000000001,7.685,0.0,,20554,52
Hour_sin,-0.7071067811865472,0.7071067811865476,1.414213562373095,-2.82842712474619,2.82842712474619,6.123233995736766e-17,,,21024,0
Hour_cos,-0.7071067811865476,0.7071067811865475,1.414213562373095,-2.82842712474619,2.82842712474619,-6.123233995736765e-17,,,21024,0
DOW_sin,-0.7818314824680299,0.7818314824680298,1.5636629649360598,-3.1273259298721197,3.1273259298721197,0.0,,,21024,0
DOW_cos,-0.900968867902419,0.6234898018587336,1.5244586697611526,-3.187656872544148,2.910177806500463,-0.22252093395631434,,,21024,0
Month_sin,-0.5000000000000004,0.8660254037844386,1.366025403784439,-2.549038105676659,2.9150635094610973,1.2246467991473532e-16,,,21024,0
Month_cos,-0.5000000000000004,0.8660254037844384,1.3660254037844388,-2.5490381056766584,2.9150635094610964,6.123233995736766e-17,,,21024,0
DayOfYear_sin,-0.5856957398073508,0.8083181187464025,1.3940138585537531,-2.6767165276379803,2.899338906577032,0.24893980855376657,,,21024,0
DayOfYear_cos,-0.6342374393978054,0.726963615332308,1.3612010547301134,-2.6760390214929757,2.768765197427478,0.06339008588195533,,,21024,0
WindDirection_sin,-0.8746197071393959,0.788010753606722,1.6626304607461178,-3.3685653982585726,3.281956444725899,-0.2419218955996675,,,21008,0
WindDirection_cos,-0.7071067811865477,0.25881904510252113,0.9659258262890689,-2.1559955206201513,1.7077077845361246,-0.2923717047227371,,,21008,0
Temperature_sq,190.44000000000003,900.0,709.56,-873.8999999999999,1964.34,470.89,,,21008,0
CDD18,0.0,12.0,12.0,-18.0,30.0,3.6999999999999993,,,21008,0
HDD18,0.0,4.199999999999999,4.199999999999999,-6.299999999999999,10.499999999999998,0.0,,,21008,0
